 cookie=0x0, duration=59.386s, table=0, n_packets=1, n_bytes=42, idle_timeout=60, idle_age=59, priority=65535,icmp,in_port=1,vlan_tci=0x0000,dl_src=aa:a5:d3:72:96:52,dl_dst=d2:6c:82:0e:ca:d4,nw_src=10.0.0.43,nw_dst=10.0.0.5,nw_tos=0,icmp_type=8,icmp_code=0 actions=output:5
 cookie=0x0, duration=58.344s, table=0, n_packets=1, n_bytes=42, idle_timeout=60, idle_age=58, priority=65535,icmp,in_port=1,vlan_tci=0x0000,dl_src=aa:a5:d3:72:96:52,dl_dst=d2:6c:82:0e:ca:d4,nw_src=10.0.0.44,nw_dst=10.0.0.5,nw_tos=0,icmp_type=8,icmp_code=0 actions=output:5
 cookie=0x0, duration=57.304s, table=0, n_packets=1, n_bytes=42, idle_timeout=60, idle_age=57, priority=65535,icmp,in_port=1,vlan_tci=0x0000,dl_src=aa:a5:d3:72:96:52,dl_dst=d2:6c:82:0e:ca:d4,nw_src=10.0.0.45,nw_dst=10.0.0.5,nw_tos=0,icmp_type=8,icmp_code=0 actions=output:5
 cookie=0x0, duration=56.269s, table=0, n_packets=1, n_bytes=42, idle_timeout=60, idle_age=56, priority=65535,icmp,in_port=1,vlan_tci=0x0000,dl_src=aa:a5:d3:72:96:52,dl_dst=d2:6c:82:0e:ca:d4,nw_src=10.0.0.46,nw_dst=10.0.0.5,nw_tos=0,icmp_type=8,icmp_code=0 actions=output:5
 cookie=0x0, duration=55.233s, table=0, n_packets=1, n_bytes=42, idle_timeout=60, idle_age=55, priority=65535,icmp,in_port=1,vlan_tci=0x0000,dl_src=aa:a5:d3:72:96:52,dl_dst=d2:6c:82:0e:ca:d4,nw_src=10.0.0.47,nw_dst=10.0.0.5,nw_tos=0,icmp_type=8,icmp_code=0 actions=output:5
 cookie=0x0, duration=54.201s, table=0, n_packets=1, n_bytes=42, idle_timeout=60, idle_age=54, priority=65535,icmp,in_port=1,vlan_tci=0x0000,dl_src=aa:a5:d3:72:96:52,dl_dst=d2:6c:82:0e:ca:d4,nw_src=10.0.0.48,nw_dst=10.0.0.5,nw_tos=0,icmp_type=8,icmp_code=0 actions=output:5
 cookie=0x0, duration=53.152s, table=0, n_packets=1, n_bytes=42, idle_timeout=60, idle_age=53, priority=65535,icmp,in_port=1,vlan_tci=0x0000,dl_src=aa:a5:d3:72:96:52,dl_dst=d2:6c:82:0e:ca:d4,nw_src=10.0.0.49,nw_dst=10.0.0.5,nw_tos=0,icmp_type=8,icmp_code=0 actions=output:5
 cookie=0x0, duration=52.117s, table=0, n_packets=1, n_bytes=42, idle_timeout=60, idle_age=52, priority=65535,icmp,in_port=1,vlan_tci=0x0000,dl_src=aa:a5:d3:72:96:52,dl_dst=d2:6c:82:0e:ca:d4,nw_src=10.0.0.50,nw_dst=10.0.0.5,nw_tos=0,icmp_type=8,icmp_code=0 actions=output:5
 cookie=0x0, duration=51.073s, table=0, n_packets=1, n_bytes=42, idle_timeout=60, idle_age=51, priority=65535,icmp,in_port=1,vlan_tci=0x0000,dl_src=aa:a5:d3:72:96:52,dl_dst=d2:6c:82:0e:ca:d4,nw_src=10.0.0.51,nw_dst=10.0.0.5,nw_tos=0,icmp_type=8,icmp_code=0 actions=output:5
 cookie=0x0, duration=50.034s, table=0, n_packets=1, n_bytes=42, idle_timeout=60, idle_age=50, priority=65535,icmp,in_port=1,vlan_tci=0x0000,dl_src=aa:a5:d3:72:96:52,dl_dst=d2:6c:82:0e:ca:d4,nw_src=10.0.0.52,nw_dst=10.0.0.5,nw_tos=0,icmp_type=8,icmp_code=0 actions=output:5
 cookie=0x0, duration=48.997s, table=0, n_packets=1, n_bytes=42, idle_timeout=60, idle_age=48, priority=65535,icmp,in_port=1,vlan_tci=0x0000,dl_src=aa:a5:d3:72:96:52,dl_dst=d2:6c:82:0e:ca:d4,nw_src=10.0.0.53,nw_dst=10.0.0.5,nw_tos=0,icmp_type=8,icmp_code=0 actions=output:5
 cookie=0x0, duration=47.953s, table=0, n_packets=1, n_bytes=42, idle_timeout=60, idle_age=47, priority=65535,icmp,in_port=1,vlan_tci=0x0000,dl_src=aa:a5:d3:72:96:52,dl_dst=d2:6c:82:0e:ca:d4,nw_src=10.0.0.54,nw_dst=10.0.0.5,nw_tos=0,icmp_type=8,icmp_code=0 actions=output:5
 cookie=0x0, duration=46.916s, table=0, n_packets=1, n_bytes=42, idle_timeout=60, idle_age=46, priority=65535,icmp,in_port=1,vlan_tci=0x0000,dl_src=aa:a5:d3:72:96:52,dl_dst=d2:6c:82:0e:ca:d4,nw_src=10.0.0.55,nw_dst=10.0.0.5,nw_tos=0,icmp_type=8,icmp_code=0 actions=output:5
 cookie=0x0, duration=45.873s, table=0, n_packets=1, n_bytes=42, idle_timeout=60, idle_age=45, priority=65535,icmp,in_port=1,vlan_tci=0x0000,dl_src=aa:a5:d3:72:96:52,dl_dst=d2:6c:82:0e:ca:d4,nw_src=10.0.0.56,nw_dst=10.0.0.5,nw_tos=0,icmp_type=8,icmp_code=0 actions=output:5
 cookie=0x0, duration=44.837s, table=0, n_packets=1, n_bytes=42, idle_timeout=60, idle_age=44, priority=65535,icmp,in_port=1,vlan_tci=0x0000,dl_src=aa:a5:d3:72:96:52,dl_dst=d2:6c:82:0e:ca:d4,nw_src=10.0.0.57,nw_dst=10.0.0.5,nw_tos=0,icmp_type=8,icmp_code=0 actions=output:5
 cookie=0x0, duration=43.797s, table=0, n_packets=1, n_bytes=42, idle_timeout=60, idle_age=43, priority=65535,icmp,in_port=1,vlan_tci=0x0000,dl_src=aa:a5:d3:72:96:52,dl_dst=d2:6c:82:0e:ca:d4,nw_src=10.0.0.58,nw_dst=10.0.0.5,nw_tos=0,icmp_type=8,icmp_code=0 actions=output:5
 cookie=0x0, duration=42.757s, table=0, n_packets=1, n_bytes=42, idle_timeout=60, idle_age=42, priority=65535,icmp,in_port=1,vlan_tci=0x0000,dl_src=aa:a5:d3:72:96:52,dl_dst=d2:6c:82:0e:ca:d4,nw_src=10.0.0.59,nw_dst=10.0.0.5,nw_tos=0,icmp_type=8,icmp_code=0 actions=output:5
 cookie=0x0, duration=41.714s, table=0, n_packets=1, n_bytes=42, idle_timeout=60, idle_age=41, priority=65535,icmp,in_port=1,vlan_tci=0x0000,dl_src=aa:a5:d3:72:96:52,dl_dst=d2:6c:82:0e:ca:d4,nw_src=10.0.0.60,nw_dst=10.0.0.5,nw_tos=0,icmp_type=8,icmp_code=0 actions=output:5
 cookie=0x0, duration=40.666s, table=0, n_packets=1, n_bytes=42, idle_timeout=60, idle_age=40, priority=65535,icmp,in_port=1,vlan_tci=0x0000,dl_src=aa:a5:d3:72:96:52,dl_dst=d2:6c:82:0e:ca:d4,nw_src=10.0.0.61,nw_dst=10.0.0.5,nw_tos=0,icmp_type=8,icmp_code=0 actions=output:5
 cookie=0x0, duration=39.633s, table=0, n_packets=1, n_bytes=42, idle_timeout=60, idle_age=39, priority=65535,icmp,in_port=1,vlan_tci=0x0000,dl_src=aa:a5:d3:72:96:52,dl_dst=d2:6c:82:0e:ca:d4,nw_src=10.0.0.62,nw_dst=10.0.0.5,nw_tos=0,icmp_type=8,icmp_code=0 actions=output:5
 cookie=0x0, duration=38.589s, table=0, n_packets=1, n_bytes=42, idle_timeout=60, idle_age=38, priority=65535,icmp,in_port=1,vlan_tci=0x0000,dl_src=aa:a5:d3:72:96:52,dl_dst=d2:6c:82:0e:ca:d4,nw_src=10.0.0.63,nw_dst=10.0.0.5,nw_tos=0,icmp_type=8,icmp_code=0 actions=output:5
 cookie=0x0, duration=37.554s, table=0, n_packets=1, n_bytes=42, idle_timeout=60, idle_age=37, priority=65535,icmp,in_port=1,vlan_tci=0x0000,dl_src=aa:a5:d3:72:96:52,dl_dst=d2:6c:82:0e:ca:d4,nw_src=10.0.0.64,nw_dst=10.0.0.5,nw_tos=0,icmp_type=8,icmp_code=0 actions=output:5
 cookie=0x0, duration=36.522s, table=0, n_packets=1, n_bytes=42, idle_timeout=60, idle_age=36, priority=65535,icmp,in_port=1,vlan_tci=0x0000,dl_src=aa:a5:d3:72:96:52,dl_dst=d2:6c:82:0e:ca:d4,nw_src=10.0.0.65,nw_dst=10.0.0.5,nw_tos=0,icmp_type=8,icmp_code=0 actions=output:5
 cookie=0x0, duration=35.470s, table=0, n_packets=1, n_bytes=42, idle_timeout=60, idle_age=35, priority=65535,icmp,in_port=1,vlan_tci=0x0000,dl_src=aa:a5:d3:72:96:52,dl_dst=d2:6c:82:0e:ca:d4,nw_src=10.0.0.66,nw_dst=10.0.0.5,nw_tos=0,icmp_type=8,icmp_code=0 actions=output:5
 cookie=0x0, duration=34.433s, table=0, n_packets=1, n_bytes=42, idle_timeout=60, idle_age=34, priority=65535,icmp,in_port=1,vlan_tci=0x0000,dl_src=aa:a5:d3:72:96:52,dl_dst=d2:6c:82:0e:ca:d4,nw_src=10.0.0.67,nw_dst=10.0.0.5,nw_tos=0,icmp_type=8,icmp_code=0 actions=output:5
 cookie=0x0, duration=33.392s, table=0, n_packets=1, n_bytes=42, idle_timeout=60, idle_age=33, priority=65535,icmp,in_port=1,vlan_tci=0x0000,dl_src=aa:a5:d3:72:96:52,dl_dst=d2:6c:82:0e:ca:d4,nw_src=10.0.0.68,nw_dst=10.0.0.5,nw_tos=0,icmp_type=8,icmp_code=0 actions=output:5
 cookie=0x0, duration=32.358s, table=0, n_packets=1, n_bytes=42, idle_timeout=60, idle_age=32, priority=65535,icmp,in_port=1,vlan_tci=0x0000,dl_src=aa:a5:d3:72:96:52,dl_dst=d2:6c:82:0e:ca:d4,nw_src=10.0.0.69,nw_dst=10.0.0.5,nw_tos=0,icmp_type=8,icmp_code=0 actions=output:5
 cookie=0x0, duration=31.317s, table=0, n_packets=1, n_bytes=42, idle_timeout=60, idle_age=31, priority=65535,icmp,in_port=1,vlan_tci=0x0000,dl_src=aa:a5:d3:72:96:52,dl_dst=d2:6c:82:0e:ca:d4,nw_src=10.0.0.70,nw_dst=10.0.0.5,nw_tos=0,icmp_type=8,icmp_code=0 actions=output:5
 cookie=0x0, duration=30.281s, table=0, n_packets=1, n_bytes=42, idle_timeout=60, idle_age=30, priority=65535,icmp,in_port=1,vlan_tci=0x0000,dl_src=aa:a5:d3:72:96:52,dl_dst=d2:6c:82:0e:ca:d4,nw_src=10.0.0.71,nw_dst=10.0.0.5,nw_tos=0,icmp_type=8,icmp_code=0 actions=output:5
 cookie=0x0, duration=29.248s, table=0, n_packets=1, n_bytes=42, idle_timeout=60, idle_age=29, priority=65535,icmp,in_port=1,vlan_tci=0x0000,dl_src=aa:a5:d3:72:96:52,dl_dst=d2:6c:82:0e:ca:d4,nw_src=10.0.0.72,nw_dst=10.0.0.5,nw_tos=0,icmp_type=8,icmp_code=0 actions=output:5
 cookie=0x0, duration=28.213s, table=0, n_packets=1, n_bytes=42, idle_timeout=60, idle_age=28, priority=65535,icmp,in_port=1,vlan_tci=0x0000,dl_src=aa:a5:d3:72:96:52,dl_dst=d2:6c:82:0e:ca:d4,nw_src=10.0.0.73,nw_dst=10.0.0.5,nw_tos=0,icmp_type=8,icmp_code=0 actions=output:5
 cookie=0x0, duration=27.166s, table=0, n_packets=1, n_bytes=42, idle_timeout=60, idle_age=27, priority=65535,icmp,in_port=1,vlan_tci=0x0000,dl_src=aa:a5:d3:72:96:52,dl_dst=d2:6c:82:0e:ca:d4,nw_src=10.0.0.74,nw_dst=10.0.0.5,nw_tos=0,icmp_type=8,icmp_code=0 actions=output:5
 cookie=0x0, duration=26.126s, table=0, n_packets=1, n_bytes=42, idle_timeout=60, idle_age=26, priority=65535,icmp,in_port=1,vlan_tci=0x0000,dl_src=aa:a5:d3:72:96:52,dl_dst=d2:6c:82:0e:ca:d4,nw_src=10.0.0.75,nw_dst=10.0.0.5,nw_tos=0,icmp_type=8,icmp_code=0 actions=output:5
 cookie=0x0, duration=25.089s, table=0, n_packets=1, n_bytes=42, idle_timeout=60, idle_age=25, priority=65535,icmp,in_port=1,vlan_tci=0x0000,dl_src=aa:a5:d3:72:96:52,dl_dst=d2:6c:82:0e:ca:d4,nw_src=10.0.0.76,nw_dst=10.0.0.5,nw_tos=0,icmp_type=8,icmp_code=0 actions=output:5
 cookie=0x0, duration=24.049s, table=0, n_packets=1, n_bytes=42, idle_timeout=60, idle_age=24, priority=65535,icmp,in_port=1,vlan_tci=0x0000,dl_src=aa:a5:d3:72:96:52,dl_dst=d2:6c:82:0e:ca:d4,nw_src=10.0.0.77,nw_dst=10.0.0.5,nw_tos=0,icmp_type=8,icmp_code=0 actions=output:5
 cookie=0x0, duration=23.017s, table=0, n_packets=1, n_bytes=42, idle_timeout=60, idle_age=23, priority=65535,icmp,in_port=1,vlan_tci=0x0000,dl_src=aa:a5:d3:72:96:52,dl_dst=d2:6c:82:0e:ca:d4,nw_src=10.0.0.78,nw_dst=10.0.0.5,nw_tos=0,icmp_type=8,icmp_code=0 actions=output:5
 cookie=0x0, duration=21.980s, table=0, n_packets=1, n_bytes=42, idle_timeout=60, idle_age=21, priority=65535,icmp,in_port=1,vlan_tci=0x0000,dl_src=aa:a5:d3:72:96:52,dl_dst=d2:6c:82:0e:ca:d4,nw_src=10.0.0.79,nw_dst=10.0.0.5,nw_tos=0,icmp_type=8,icmp_code=0 actions=output:5
 cookie=0x0, duration=20.950s, table=0, n_packets=1, n_bytes=42, idle_timeout=60, idle_age=20, priority=65535,icmp,in_port=1,vlan_tci=0x0000,dl_src=aa:a5:d3:72:96:52,dl_dst=d2:6c:82:0e:ca:d4,nw_src=10.0.0.80,nw_dst=10.0.0.5,nw_tos=0,icmp_type=8,icmp_code=0 actions=output:5
 cookie=0x0, duration=19.912s, table=0, n_packets=1, n_bytes=42, idle_timeout=60, idle_age=19, priority=65535,icmp,in_port=1,vlan_tci=0x0000,dl_src=aa:a5:d3:72:96:52,dl_dst=d2:6c:82:0e:ca:d4,nw_src=10.0.0.81,nw_dst=10.0.0.5,nw_tos=0,icmp_type=8,icmp_code=0 actions=output:5
 cookie=0x0, duration=18.884s, table=0, n_packets=1, n_bytes=42, idle_timeout=60, idle_age=18, priority=65535,icmp,in_port=1,vlan_tci=0x0000,dl_src=aa:a5:d3:72:96:52,dl_dst=d2:6c:82:0e:ca:d4,nw_src=10.0.0.2,nw_dst=10.0.0.5,nw_tos=0,icmp_type=8,icmp_code=0 actions=output:5
 cookie=0x0, duration=18.849s, table=0, n_packets=1, n_bytes=42, idle_timeout=60, idle_age=18, priority=65535,icmp,in_port=1,vlan_tci=0x0000,dl_src=aa:a5:d3:72:96:52,dl_dst=d2:6c:82:0e:ca:d4,nw_src=10.0.0.3,nw_dst=10.0.0.5,nw_tos=0,icmp_type=8,icmp_code=0 actions=output:5
 cookie=0x0, duration=18.808s, table=0, n_packets=1, n_bytes=42, idle_timeout=60, idle_age=18, priority=65535,icmp,in_port=1,vlan_tci=0x0000,dl_src=aa:a5:d3:72:96:52,dl_dst=d2:6c:82:0e:ca:d4,nw_src=10.0.0.4,nw_dst=10.0.0.5,nw_tos=0,icmp_type=8,icmp_code=0 actions=output:5
 cookie=0x0, duration=18.752s, table=0, n_packets=1, n_bytes=42, idle_timeout=60, idle_age=18, priority=65535,icmp,in_port=1,vlan_tci=0x0000,dl_src=aa:a5:d3:72:96:52,dl_dst=d2:6c:82:0e:ca:d4,nw_src=10.0.0.5,nw_dst=10.0.0.5,nw_tos=0,icmp_type=8,icmp_code=0 actions=output:5
 cookie=0x0, duration=17.717s, table=0, n_packets=1, n_bytes=42, idle_timeout=60, idle_age=17, priority=65535,icmp,in_port=1,vlan_tci=0x0000,dl_src=aa:a5:d3:72:96:52,dl_dst=d2:6c:82:0e:ca:d4,nw_src=10.0.0.6,nw_dst=10.0.0.5,nw_tos=0,icmp_type=8,icmp_code=0 actions=output:5
 cookie=0x0, duration=17.680s, table=0, n_packets=1, n_bytes=42, idle_timeout=60, idle_age=17, priority=65535,icmp,in_port=1,vlan_tci=0x0000,dl_src=aa:a5:d3:72:96:52,dl_dst=d2:6c:82:0e:ca:d4,nw_src=10.0.0.7,nw_dst=10.0.0.5,nw_tos=0,icmp_type=8,icmp_code=0 actions=output:5
 cookie=0x0, duration=17.632s, table=0, n_packets=2, n_bytes=84, idle_timeout=60, idle_age=17, priority=65535,icmp,in_port=1,vlan_tci=0x0000,dl_src=aa:a5:d3:72:96:52,dl_dst=d2:6c:82:0e:ca:d4,nw_src=10.0.0.8,nw_dst=10.0.0.5,nw_tos=0,icmp_type=8,icmp_code=0 actions=output:5
 cookie=0x0, duration=17.582s, table=0, n_packets=1, n_bytes=42, idle_timeout=60, idle_age=17, priority=65535,icmp,in_port=1,vlan_tci=0x0000,dl_src=aa:a5:d3:72:96:52,dl_dst=d2:6c:82:0e:ca:d4,nw_src=10.0.0.9,nw_dst=10.0.0.5,nw_tos=0,icmp_type=8,icmp_code=0 actions=output:5
 cookie=0x0, duration=17.543s, table=0, n_packets=2, n_bytes=84, idle_timeout=60, idle_age=17, priority=65535,icmp,in_port=1,vlan_tci=0x0000,dl_src=aa:a5:d3:72:96:52,dl_dst=d2:6c:82:0e:ca:d4,nw_src=10.0.0.10,nw_dst=10.0.0.5,nw_tos=0,icmp_type=8,icmp_code=0 actions=output:5
 cookie=0x0, duration=17.501s, table=0, n_packets=1, n_bytes=42, idle_timeout=60, idle_age=17, priority=65535,icmp,in_port=1,vlan_tci=0x0000,dl_src=aa:a5:d3:72:96:52,dl_dst=d2:6c:82:0e:ca:d4,nw_src=10.0.0.11,nw_dst=10.0.0.5,nw_tos=0,icmp_type=8,icmp_code=0 actions=output:5
 cookie=0x0, duration=16.469s, table=0, n_packets=1, n_bytes=42, idle_timeout=60, idle_age=16, priority=65535,icmp,in_port=1,vlan_tci=0x0000,dl_src=aa:a5:d3:72:96:52,dl_dst=d2:6c:82:0e:ca:d4,nw_src=10.0.0.12,nw_dst=10.0.0.5,nw_tos=0,icmp_type=8,icmp_code=0 actions=output:5
 cookie=0x0, duration=15.415s, table=0, n_packets=1, n_bytes=42, idle_timeout=60, idle_age=15, priority=65535,icmp,in_port=1,vlan_tci=0x0000,dl_src=aa:a5:d3:72:96:52,dl_dst=d2:6c:82:0e:ca:d4,nw_src=10.0.0.13,nw_dst=10.0.0.5,nw_tos=0,icmp_type=8,icmp_code=0 actions=output:5
 cookie=0x0, duration=14.380s, table=0, n_packets=1, n_bytes=42, idle_timeout=60, idle_age=14, priority=65535,icmp,in_port=1,vlan_tci=0x0000,dl_src=aa:a5:d3:72:96:52,dl_dst=d2:6c:82:0e:ca:d4,nw_src=10.0.0.14,nw_dst=10.0.0.5,nw_tos=0,icmp_type=8,icmp_code=0 actions=output:5
 cookie=0x0, duration=13.345s, table=0, n_packets=1, n_bytes=42, idle_timeout=60, idle_age=13, priority=65535,icmp,in_port=1,vlan_tci=0x0000,dl_src=aa:a5:d3:72:96:52,dl_dst=d2:6c:82:0e:ca:d4,nw_src=10.0.0.15,nw_dst=10.0.0.5,nw_tos=0,icmp_type=8,icmp_code=0 actions=output:5
 cookie=0x0, duration=12.304s, table=0, n_packets=1, n_bytes=42, idle_timeout=60, idle_age=12, priority=65535,icmp,in_port=1,vlan_tci=0x0000,dl_src=aa:a5:d3:72:96:52,dl_dst=d2:6c:82:0e:ca:d4,nw_src=10.0.0.16,nw_dst=10.0.0.5,nw_tos=0,icmp_type=8,icmp_code=0 actions=output:5
 cookie=0x0, duration=11.266s, table=0, n_packets=1, n_bytes=42, idle_timeout=60, idle_age=11, priority=65535,icmp,in_port=1,vlan_tci=0x0000,dl_src=aa:a5:d3:72:96:52,dl_dst=d2:6c:82:0e:ca:d4,nw_src=10.0.0.17,nw_dst=10.0.0.5,nw_tos=0,icmp_type=8,icmp_code=0 actions=output:5
 cookie=0x0, duration=10.224s, table=0, n_packets=1, n_bytes=42, idle_timeout=60, idle_age=10, priority=65535,icmp,in_port=1,vlan_tci=0x0000,dl_src=aa:a5:d3:72:96:52,dl_dst=d2:6c:82:0e:ca:d4,nw_src=10.0.0.18,nw_dst=10.0.0.5,nw_tos=0,icmp_type=8,icmp_code=0 actions=output:5
 cookie=0x0, duration=9.183s, table=0, n_packets=1, n_bytes=42, idle_timeout=60, idle_age=9, priority=65535,icmp,in_port=1,vlan_tci=0x0000,dl_src=aa:a5:d3:72:96:52,dl_dst=d2:6c:82:0e:ca:d4,nw_src=10.0.0.19,nw_dst=10.0.0.5,nw_tos=0,icmp_type=8,icmp_code=0 actions=output:5
 cookie=0x0, duration=8.147s, table=0, n_packets=1, n_bytes=42, idle_timeout=60, idle_age=8, priority=65535,icmp,in_port=1,vlan_tci=0x0000,dl_src=aa:a5:d3:72:96:52,dl_dst=d2:6c:82:0e:ca:d4,nw_src=10.0.0.20,nw_dst=10.0.0.5,nw_tos=0,icmp_type=8,icmp_code=0 actions=output:5
 cookie=0x0, duration=7.109s, table=0, n_packets=1, n_bytes=42, idle_timeout=60, idle_age=7, priority=65535,icmp,in_port=1,vlan_tci=0x0000,dl_src=aa:a5:d3:72:96:52,dl_dst=d2:6c:82:0e:ca:d4,nw_src=10.0.0.21,nw_dst=10.0.0.5,nw_tos=0,icmp_type=8,icmp_code=0 actions=output:5
 cookie=0x0, duration=6.066s, table=0, n_packets=1, n_bytes=42, idle_timeout=60, idle_age=6, priority=65535,icmp,in_port=1,vlan_tci=0x0000,dl_src=aa:a5:d3:72:96:52,dl_dst=d2:6c:82:0e:ca:d4,nw_src=10.0.0.22,nw_dst=10.0.0.5,nw_tos=0,icmp_type=8,icmp_code=0 actions=output:5
 cookie=0x0, duration=5.032s, table=0, n_packets=1, n_bytes=42, idle_timeout=60, idle_age=5, priority=65535,icmp,in_port=1,vlan_tci=0x0000,dl_src=aa:a5:d3:72:96:52,dl_dst=d2:6c:82:0e:ca:d4,nw_src=10.0.0.23,nw_dst=10.0.0.5,nw_tos=0,icmp_type=8,icmp_code=0 actions=output:5
 cookie=0x0, duration=3.996s, table=0, n_packets=1, n_bytes=42, idle_timeout=60, idle_age=3, priority=65535,icmp,in_port=1,vlan_tci=0x0000,dl_src=aa:a5:d3:72:96:52,dl_dst=d2:6c:82:0e:ca:d4,nw_src=10.0.0.24,nw_dst=10.0.0.5,nw_tos=0,icmp_type=8,icmp_code=0 actions=output:5
 cookie=0x0, duration=2.950s, table=0, n_packets=1, n_bytes=42, idle_timeout=60, idle_age=2, priority=65535,icmp,in_port=1,vlan_tci=0x0000,dl_src=aa:a5:d3:72:96:52,dl_dst=d2:6c:82:0e:ca:d4,nw_src=10.0.0.25,nw_dst=10.0.0.5,nw_tos=0,icmp_type=8,icmp_code=0 actions=output:5
 cookie=0x0, duration=1.904s, table=0, n_packets=1, n_bytes=42, idle_timeout=60, idle_age=1, priority=65535,icmp,in_port=1,vlan_tci=0x0000,dl_src=aa:a5:d3:72:96:52,dl_dst=d2:6c:82:0e:ca:d4,nw_src=10.0.0.26,nw_dst=10.0.0.5,nw_tos=0,icmp_type=8,icmp_code=0 actions=output:5
 cookie=0x0, duration=13.822s, table=0, n_packets=1, n_bytes=42, idle_timeout=60, idle_age=13, priority=65535,arp,in_port=3,vlan_tci=0x0000,dl_src=a2:22:84:41:50:dd,dl_dst=d2:6c:82:0e:ca:d4,arp_spa=10.0.0.3,arp_tpa=10.0.0.5,arp_op=2 actions=output:5
 cookie=0x0, duration=13.822s, table=0, n_packets=1, n_bytes=42, idle_timeout=60, idle_age=13, priority=65535,arp,in_port=2,vlan_tci=0x0000,dl_src=82:da:ee:e3:19:0c,dl_dst=d2:6c:82:0e:ca:d4,arp_spa=10.0.0.2,arp_tpa=10.0.0.5,arp_op=2 actions=output:5
 cookie=0x0, duration=13.568s, table=0, n_packets=1, n_bytes=42, idle_timeout=60, idle_age=13, priority=65535,arp,in_port=4,vlan_tci=0x0000,dl_src=e6:72:89:95:0e:73,dl_dst=d2:6c:82:0e:ca:d4,arp_spa=10.0.0.4,arp_tpa=10.0.0.5,arp_op=2 actions=output:5
 cookie=0x0, duration=12.543s, table=0, n_packets=1, n_bytes=42, idle_timeout=60, idle_age=12, priority=65535,arp,in_port=9,vlan_tci=0x0000,dl_src=82:40:30:33:d4:e3,dl_dst=d2:6c:82:0e:ca:d4,arp_spa=10.0.0.9,arp_tpa=10.0.0.5,arp_op=2 actions=output:5
 cookie=0x0, duration=12.543s, table=0, n_packets=1, n_bytes=42, idle_timeout=60, idle_age=12, priority=65535,arp,in_port=8,vlan_tci=0x0000,dl_src=8e:33:8b:84:9f:3f,dl_dst=d2:6c:82:0e:ca:d4,arp_spa=10.0.0.8,arp_tpa=10.0.0.5,arp_op=2 actions=output:5
 cookie=0x0, duration=12.543s, table=0, n_packets=1, n_bytes=42, idle_timeout=60, idle_age=12, priority=65535,arp,in_port=7,vlan_tci=0x0000,dl_src=d6:12:fe:60:09:69,dl_dst=d2:6c:82:0e:ca:d4,arp_spa=10.0.0.7,arp_tpa=10.0.0.5,arp_op=2 actions=output:5
 cookie=0x0, duration=12.543s, table=0, n_packets=1, n_bytes=42, idle_timeout=60, idle_age=12, priority=65535,arp,in_port=6,vlan_tci=0x0000,dl_src=ba:77:e1:7a:ea:e6,dl_dst=d2:6c:82:0e:ca:d4,arp_spa=10.0.0.6,arp_tpa=10.0.0.5,arp_op=2 actions=output:5
 cookie=0x0, duration=12.288s, table=0, n_packets=1, n_bytes=42, idle_timeout=60, idle_age=12, priority=65535,arp,in_port=10,vlan_tci=0x0000,dl_src=76:8b:77:6d:a7:c7,dl_dst=d2:6c:82:0e:ca:d4,arp_spa=10.0.0.10,arp_tpa=10.0.0.5,arp_op=2 actions=output:5
