 cookie=0x0, duration=59.902s, table=0, n_packets=1, n_bytes=42, idle_timeout=60, idle_age=59, priority=65535,icmp,in_port=1,vlan_tci=0x0000,dl_src=ee:13:d0:af:e6:04,dl_dst=06:fc:ca:e8:78:4c,nw_src=10.0.0.53,nw_dst=10.0.0.5,nw_tos=0,icmp_type=8,icmp_code=0 actions=output:5
 cookie=0x0, duration=58.847s, table=0, n_packets=1, n_bytes=42, idle_timeout=60, idle_age=58, priority=65535,icmp,in_port=1,vlan_tci=0x0000,dl_src=ee:13:d0:af:e6:04,dl_dst=06:fc:ca:e8:78:4c,nw_src=10.0.0.54,nw_dst=10.0.0.5,nw_tos=0,icmp_type=8,icmp_code=0 actions=output:5
 cookie=0x0, duration=57.800s, table=0, n_packets=1, n_bytes=42, idle_timeout=60, idle_age=57, priority=65535,icmp,in_port=1,vlan_tci=0x0000,dl_src=ee:13:d0:af:e6:04,dl_dst=06:fc:ca:e8:78:4c,nw_src=10.0.0.55,nw_dst=10.0.0.5,nw_tos=0,icmp_type=8,icmp_code=0 actions=output:5
 cookie=0x0, duration=56.757s, table=0, n_packets=1, n_bytes=42, idle_timeout=60, idle_age=56, priority=65535,icmp,in_port=1,vlan_tci=0x0000,dl_src=ee:13:d0:af:e6:04,dl_dst=06:fc:ca:e8:78:4c,nw_src=10.0.0.56,nw_dst=10.0.0.5,nw_tos=0,icmp_type=8,icmp_code=0 actions=output:5
 cookie=0x0, duration=55.712s, table=0, n_packets=1, n_bytes=42, idle_timeout=60, idle_age=55, priority=65535,icmp,in_port=1,vlan_tci=0x0000,dl_src=ee:13:d0:af:e6:04,dl_dst=06:fc:ca:e8:78:4c,nw_src=10.0.0.57,nw_dst=10.0.0.5,nw_tos=0,icmp_type=8,icmp_code=0 actions=output:5
 cookie=0x0, duration=54.666s, table=0, n_packets=1, n_bytes=42, idle_timeout=60, idle_age=54, priority=65535,icmp,in_port=1,vlan_tci=0x0000,dl_src=ee:13:d0:af:e6:04,dl_dst=06:fc:ca:e8:78:4c,nw_src=10.0.0.58,nw_dst=10.0.0.5,nw_tos=0,icmp_type=8,icmp_code=0 actions=output:5
 cookie=0x0, duration=53.624s, table=0, n_packets=1, n_bytes=42, idle_timeout=60, idle_age=53, priority=65535,icmp,in_port=1,vlan_tci=0x0000,dl_src=ee:13:d0:af:e6:04,dl_dst=06:fc:ca:e8:78:4c,nw_src=10.0.0.59,nw_dst=10.0.0.5,nw_tos=0,icmp_type=8,icmp_code=0 actions=output:5
 cookie=0x0, duration=52.589s, table=0, n_packets=1, n_bytes=42, idle_timeout=60, idle_age=52, priority=65535,icmp,in_port=1,vlan_tci=0x0000,dl_src=ee:13:d0:af:e6:04,dl_dst=06:fc:ca:e8:78:4c,nw_src=10.0.0.60,nw_dst=10.0.0.5,nw_tos=0,icmp_type=8,icmp_code=0 actions=output:5
 cookie=0x0, duration=51.536s, table=0, n_packets=1, n_bytes=42, idle_timeout=60, idle_age=51, priority=65535,icmp,in_port=1,vlan_tci=0x0000,dl_src=ee:13:d0:af:e6:04,dl_dst=06:fc:ca:e8:78:4c,nw_src=10.0.0.61,nw_dst=10.0.0.5,nw_tos=0,icmp_type=8,icmp_code=0 actions=output:5
 cookie=0x0, duration=50.489s, table=0, n_packets=1, n_bytes=42, idle_timeout=60, idle_age=50, priority=65535,icmp,in_port=1,vlan_tci=0x0000,dl_src=ee:13:d0:af:e6:04,dl_dst=06:fc:ca:e8:78:4c,nw_src=10.0.0.62,nw_dst=10.0.0.5,nw_tos=0,icmp_type=8,icmp_code=0 actions=output:5
 cookie=0x0, duration=49.436s, table=0, n_packets=1, n_bytes=42, idle_timeout=60, idle_age=49, priority=65535,icmp,in_port=1,vlan_tci=0x0000,dl_src=ee:13:d0:af:e6:04,dl_dst=06:fc:ca:e8:78:4c,nw_src=10.0.0.63,nw_dst=10.0.0.5,nw_tos=0,icmp_type=8,icmp_code=0 actions=output:5
 cookie=0x0, duration=48.406s, table=0, n_packets=1, n_bytes=42, idle_timeout=60, idle_age=48, priority=65535,icmp,in_port=1,vlan_tci=0x0000,dl_src=ee:13:d0:af:e6:04,dl_dst=06:fc:ca:e8:78:4c,nw_src=10.0.0.64,nw_dst=10.0.0.5,nw_tos=0,icmp_type=8,icmp_code=0 actions=output:5
 cookie=0x0, duration=47.362s, table=0, n_packets=1, n_bytes=42, idle_timeout=60, idle_age=47, priority=65535,icmp,in_port=1,vlan_tci=0x0000,dl_src=ee:13:d0:af:e6:04,dl_dst=06:fc:ca:e8:78:4c,nw_src=10.0.0.65,nw_dst=10.0.0.5,nw_tos=0,icmp_type=8,icmp_code=0 actions=output:5
 cookie=0x0, duration=46.314s, table=0, n_packets=1, n_bytes=42, idle_timeout=60, idle_age=46, priority=65535,icmp,in_port=1,vlan_tci=0x0000,dl_src=ee:13:d0:af:e6:04,dl_dst=06:fc:ca:e8:78:4c,nw_src=10.0.0.66,nw_dst=10.0.0.5,nw_tos=0,icmp_type=8,icmp_code=0 actions=output:5
 cookie=0x0, duration=45.269s, table=0, n_packets=1, n_bytes=42, idle_timeout=60, idle_age=45, priority=65535,icmp,in_port=1,vlan_tci=0x0000,dl_src=ee:13:d0:af:e6:04,dl_dst=06:fc:ca:e8:78:4c,nw_src=10.0.0.67,nw_dst=10.0.0.5,nw_tos=0,icmp_type=8,icmp_code=0 actions=output:5
 cookie=0x0, duration=44.210s, table=0, n_packets=1, n_bytes=42, idle_timeout=60, idle_age=44, priority=65535,icmp,in_port=1,vlan_tci=0x0000,dl_src=ee:13:d0:af:e6:04,dl_dst=06:fc:ca:e8:78:4c,nw_src=10.0.0.68,nw_dst=10.0.0.5,nw_tos=0,icmp_type=8,icmp_code=0 actions=output:5
 cookie=0x0, duration=43.174s, table=0, n_packets=2, n_bytes=84, idle_timeout=60, idle_age=43, priority=65535,icmp,in_port=1,vlan_tci=0x0000,dl_src=ee:13:d0:af:e6:04,dl_dst=06:fc:ca:e8:78:4c,nw_src=10.0.0.2,nw_dst=10.0.0.5,nw_tos=0,icmp_type=8,icmp_code=0 actions=output:5
 cookie=0x0, duration=43.135s, table=0, n_packets=1, n_bytes=42, idle_timeout=60, idle_age=43, priority=65535,icmp,in_port=1,vlan_tci=0x0000,dl_src=ee:13:d0:af:e6:04,dl_dst=06:fc:ca:e8:78:4c,nw_src=10.0.0.3,nw_dst=10.0.0.5,nw_tos=0,icmp_type=8,icmp_code=0 actions=output:5
 cookie=0x0, duration=43.097s, table=0, n_packets=2, n_bytes=84, idle_timeout=60, idle_age=43, priority=65535,icmp,in_port=1,vlan_tci=0x0000,dl_src=ee:13:d0:af:e6:04,dl_dst=06:fc:ca:e8:78:4c,nw_src=10.0.0.4,nw_dst=10.0.0.5,nw_tos=0,icmp_type=8,icmp_code=0 actions=output:5
 cookie=0x0, duration=43.058s, table=0, n_packets=1, n_bytes=42, idle_timeout=60, idle_age=43, priority=65535,icmp,in_port=1,vlan_tci=0x0000,dl_src=ee:13:d0:af:e6:04,dl_dst=06:fc:ca:e8:78:4c,nw_src=10.0.0.5,nw_dst=10.0.0.5,nw_tos=0,icmp_type=8,icmp_code=0 actions=output:5
 cookie=0x0, duration=42.017s, table=0, n_packets=2, n_bytes=84, idle_timeout=60, idle_age=41, priority=65535,icmp,in_port=1,vlan_tci=0x0000,dl_src=ee:13:d0:af:e6:04,dl_dst=06:fc:ca:e8:78:4c,nw_src=10.0.0.6,nw_dst=10.0.0.5,nw_tos=0,icmp_type=8,icmp_code=0 actions=output:5
 cookie=0x0, duration=41.977s, table=0, n_packets=1, n_bytes=42, idle_timeout=60, idle_age=41, priority=65535,icmp,in_port=1,vlan_tci=0x0000,dl_src=ee:13:d0:af:e6:04,dl_dst=06:fc:ca:e8:78:4c,nw_src=10.0.0.7,nw_dst=10.0.0.5,nw_tos=0,icmp_type=8,icmp_code=0 actions=output:5
 cookie=0x0, duration=41.937s, table=0, n_packets=1, n_bytes=42, idle_timeout=60, idle_age=41, priority=65535,icmp,in_port=1,vlan_tci=0x0000,dl_src=ee:13:d0:af:e6:04,dl_dst=06:fc:ca:e8:78:4c,nw_src=10.0.0.8,nw_dst=10.0.0.5,nw_tos=0,icmp_type=8,icmp_code=0 actions=output:5
 cookie=0x0, duration=41.897s, table=0, n_packets=1, n_bytes=42, idle_timeout=60, idle_age=41, priority=65535,icmp,in_port=1,vlan_tci=0x0000,dl_src=ee:13:d0:af:e6:04,dl_dst=06:fc:ca:e8:78:4c,nw_src=10.0.0.9,nw_dst=10.0.0.5,nw_tos=0,icmp_type=8,icmp_code=0 actions=output:5
 cookie=0x0, duration=41.896s, table=0, n_packets=1, n_bytes=42, idle_timeout=60, idle_age=41, priority=65535,icmp,in_port=5,vlan_tci=0x0000,dl_src=06:fc:ca:e8:78:4c,dl_dst=2a:d7:6e:d1:85:09,nw_src=10.0.0.5,nw_dst=10.0.0.9,nw_tos=0,icmp_type=0,icmp_code=0 actions=output:9
 cookie=0x0, duration=40.854s, table=0, n_packets=1, n_bytes=42, idle_timeout=60, idle_age=40, priority=65535,icmp,in_port=1,vlan_tci=0x0000,dl_src=ee:13:d0:af:e6:04,dl_dst=06:fc:ca:e8:78:4c,nw_src=10.0.0.10,nw_dst=10.0.0.5,nw_tos=0,icmp_type=8,icmp_code=0 actions=output:5
 cookie=0x0, duration=40.853s, table=0, n_packets=1, n_bytes=42, idle_timeout=60, idle_age=40, priority=65535,icmp,in_port=5,vlan_tci=0x0000,dl_src=06:fc:ca:e8:78:4c,dl_dst=e2:5a:44:97:6c:0d,nw_src=10.0.0.5,nw_dst=10.0.0.10,nw_tos=0,icmp_type=0,icmp_code=0 actions=output:10
 cookie=0x0, duration=39.812s, table=0, n_packets=1, n_bytes=42, idle_timeout=60, idle_age=39, priority=65535,icmp,in_port=1,vlan_tci=0x0000,dl_src=ee:13:d0:af:e6:04,dl_dst=06:fc:ca:e8:78:4c,nw_src=10.0.0.11,nw_dst=10.0.0.5,nw_tos=0,icmp_type=8,icmp_code=0 actions=output:5
 cookie=0x0, duration=38.765s, table=0, n_packets=1, n_bytes=42, idle_timeout=60, idle_age=38, priority=65535,icmp,in_port=1,vlan_tci=0x0000,dl_src=ee:13:d0:af:e6:04,dl_dst=06:fc:ca:e8:78:4c,nw_src=10.0.0.12,nw_dst=10.0.0.5,nw_tos=0,icmp_type=8,icmp_code=0 actions=output:5
 cookie=0x0, duration=37.709s, table=0, n_packets=1, n_bytes=42, idle_timeout=60, idle_age=37, priority=65535,icmp,in_port=1,vlan_tci=0x0000,dl_src=ee:13:d0:af:e6:04,dl_dst=06:fc:ca:e8:78:4c,nw_src=10.0.0.13,nw_dst=10.0.0.5,nw_tos=0,icmp_type=8,icmp_code=0 actions=output:5
 cookie=0x0, duration=36.666s, table=0, n_packets=1, n_bytes=42, idle_timeout=60, idle_age=36, priority=65535,icmp,in_port=1,vlan_tci=0x0000,dl_src=ee:13:d0:af:e6:04,dl_dst=06:fc:ca:e8:78:4c,nw_src=10.0.0.14,nw_dst=10.0.0.5,nw_tos=0,icmp_type=8,icmp_code=0 actions=output:5
 cookie=0x0, duration=35.625s, table=0, n_packets=1, n_bytes=42, idle_timeout=60, idle_age=35, priority=65535,icmp,in_port=1,vlan_tci=0x0000,dl_src=ee:13:d0:af:e6:04,dl_dst=06:fc:ca:e8:78:4c,nw_src=10.0.0.15,nw_dst=10.0.0.5,nw_tos=0,icmp_type=8,icmp_code=0 actions=output:5
 cookie=0x0, duration=34.581s, table=0, n_packets=1, n_bytes=42, idle_timeout=60, idle_age=34, priority=65535,icmp,in_port=1,vlan_tci=0x0000,dl_src=ee:13:d0:af:e6:04,dl_dst=06:fc:ca:e8:78:4c,nw_src=10.0.0.16,nw_dst=10.0.0.5,nw_tos=0,icmp_type=8,icmp_code=0 actions=output:5
 cookie=0x0, duration=33.542s, table=0, n_packets=1, n_bytes=42, idle_timeout=60, idle_age=33, priority=65535,icmp,in_port=1,vlan_tci=0x0000,dl_src=ee:13:d0:af:e6:04,dl_dst=06:fc:ca:e8:78:4c,nw_src=10.0.0.17,nw_dst=10.0.0.5,nw_tos=0,icmp_type=8,icmp_code=0 actions=output:5
 cookie=0x0, duration=32.503s, table=0, n_packets=1, n_bytes=42, idle_timeout=60, idle_age=32, priority=65535,icmp,in_port=1,vlan_tci=0x0000,dl_src=ee:13:d0:af:e6:04,dl_dst=06:fc:ca:e8:78:4c,nw_src=10.0.0.18,nw_dst=10.0.0.5,nw_tos=0,icmp_type=8,icmp_code=0 actions=output:5
 cookie=0x0, duration=31.454s, table=0, n_packets=1, n_bytes=42, idle_timeout=60, idle_age=31, priority=65535,icmp,in_port=1,vlan_tci=0x0000,dl_src=ee:13:d0:af:e6:04,dl_dst=06:fc:ca:e8:78:4c,nw_src=10.0.0.19,nw_dst=10.0.0.5,nw_tos=0,icmp_type=8,icmp_code=0 actions=output:5
 cookie=0x0, duration=30.416s, table=0, n_packets=1, n_bytes=42, idle_timeout=60, idle_age=30, priority=65535,icmp,in_port=1,vlan_tci=0x0000,dl_src=ee:13:d0:af:e6:04,dl_dst=06:fc:ca:e8:78:4c,nw_src=10.0.0.20,nw_dst=10.0.0.5,nw_tos=0,icmp_type=8,icmp_code=0 actions=output:5
 cookie=0x0, duration=29.369s, table=0, n_packets=1, n_bytes=42, idle_timeout=60, idle_age=29, priority=65535,icmp,in_port=1,vlan_tci=0x0000,dl_src=ee:13:d0:af:e6:04,dl_dst=06:fc:ca:e8:78:4c,nw_src=10.0.0.21,nw_dst=10.0.0.5,nw_tos=0,icmp_type=8,icmp_code=0 actions=output:5
 cookie=0x0, duration=28.312s, table=0, n_packets=1, n_bytes=42, idle_timeout=60, idle_age=28, priority=65535,icmp,in_port=1,vlan_tci=0x0000,dl_src=ee:13:d0:af:e6:04,dl_dst=06:fc:ca:e8:78:4c,nw_src=10.0.0.22,nw_dst=10.0.0.5,nw_tos=0,icmp_type=8,icmp_code=0 actions=output:5
 cookie=0x0, duration=27.259s, table=0, n_packets=1, n_bytes=42, idle_timeout=60, idle_age=27, priority=65535,icmp,in_port=1,vlan_tci=0x0000,dl_src=ee:13:d0:af:e6:04,dl_dst=06:fc:ca:e8:78:4c,nw_src=10.0.0.23,nw_dst=10.0.0.5,nw_tos=0,icmp_type=8,icmp_code=0 actions=output:5
 cookie=0x0, duration=26.218s, table=0, n_packets=1, n_bytes=42, idle_timeout=60, idle_age=26, priority=65535,icmp,in_port=1,vlan_tci=0x0000,dl_src=ee:13:d0:af:e6:04,dl_dst=06:fc:ca:e8:78:4c,nw_src=10.0.0.24,nw_dst=10.0.0.5,nw_tos=0,icmp_type=8,icmp_code=0 actions=output:5
 cookie=0x0, duration=25.173s, table=0, n_packets=1, n_bytes=42, idle_timeout=60, idle_age=25, priority=65535,icmp,in_port=1,vlan_tci=0x0000,dl_src=ee:13:d0:af:e6:04,dl_dst=06:fc:ca:e8:78:4c,nw_src=10.0.0.25,nw_dst=10.0.0.5,nw_tos=0,icmp_type=8,icmp_code=0 actions=output:5
 cookie=0x0, duration=24.135s, table=0, n_packets=1, n_bytes=42, idle_timeout=60, idle_age=24, priority=65535,icmp,in_port=1,vlan_tci=0x0000,dl_src=ee:13:d0:af:e6:04,dl_dst=06:fc:ca:e8:78:4c,nw_src=10.0.0.26,nw_dst=10.0.0.5,nw_tos=0,icmp_type=8,icmp_code=0 actions=output:5
 cookie=0x0, duration=23.094s, table=0, n_packets=1, n_bytes=42, idle_timeout=60, idle_age=23, priority=65535,icmp,in_port=1,vlan_tci=0x0000,dl_src=ee:13:d0:af:e6:04,dl_dst=06:fc:ca:e8:78:4c,nw_src=10.0.0.27,nw_dst=10.0.0.5,nw_tos=0,icmp_type=8,icmp_code=0 actions=output:5
 cookie=0x0, duration=22.052s, table=0, n_packets=1, n_bytes=42, idle_timeout=60, idle_age=22, priority=65535,icmp,in_port=1,vlan_tci=0x0000,dl_src=ee:13:d0:af:e6:04,dl_dst=06:fc:ca:e8:78:4c,nw_src=10.0.0.28,nw_dst=10.0.0.5,nw_tos=0,icmp_type=8,icmp_code=0 actions=output:5
 cookie=0x0, duration=21.013s, table=0, n_packets=1, n_bytes=42, idle_timeout=60, idle_age=21, priority=65535,icmp,in_port=1,vlan_tci=0x0000,dl_src=ee:13:d0:af:e6:04,dl_dst=06:fc:ca:e8:78:4c,nw_src=10.0.0.29,nw_dst=10.0.0.5,nw_tos=0,icmp_type=8,icmp_code=0 actions=output:5
 cookie=0x0, duration=19.958s, table=0, n_packets=1, n_bytes=42, idle_timeout=60, idle_age=19, priority=65535,icmp,in_port=1,vlan_tci=0x0000,dl_src=ee:13:d0:af:e6:04,dl_dst=06:fc:ca:e8:78:4c,nw_src=10.0.0.30,nw_dst=10.0.0.5,nw_tos=0,icmp_type=8,icmp_code=0 actions=output:5
 cookie=0x0, duration=18.911s, table=0, n_packets=1, n_bytes=42, idle_timeout=60, idle_age=18, priority=65535,icmp,in_port=1,vlan_tci=0x0000,dl_src=ee:13:d0:af:e6:04,dl_dst=06:fc:ca:e8:78:4c,nw_src=10.0.0.31,nw_dst=10.0.0.5,nw_tos=0,icmp_type=8,icmp_code=0 actions=output:5
 cookie=0x0, duration=17.810s, table=0, n_packets=1, n_bytes=42, idle_timeout=60, idle_age=17, priority=65535,icmp,in_port=1,vlan_tci=0x0000,dl_src=ee:13:d0:af:e6:04,dl_dst=06:fc:ca:e8:78:4c,nw_src=10.0.0.32,nw_dst=10.0.0.5,nw_tos=0,icmp_type=8,icmp_code=0 actions=output:5
 cookie=0x0, duration=16.761s, table=0, n_packets=1, n_bytes=42, idle_timeout=60, idle_age=16, priority=65535,icmp,in_port=1,vlan_tci=0x0000,dl_src=ee:13:d0:af:e6:04,dl_dst=06:fc:ca:e8:78:4c,nw_src=10.0.0.33,nw_dst=10.0.0.5,nw_tos=0,icmp_type=8,icmp_code=0 actions=output:5
 cookie=0x0, duration=15.720s, table=0, n_packets=1, n_bytes=42, idle_timeout=60, idle_age=15, priority=65535,icmp,in_port=1,vlan_tci=0x0000,dl_src=ee:13:d0:af:e6:04,dl_dst=06:fc:ca:e8:78:4c,nw_src=10.0.0.34,nw_dst=10.0.0.5,nw_tos=0,icmp_type=8,icmp_code=0 actions=output:5
 cookie=0x0, duration=14.666s, table=0, n_packets=1, n_bytes=42, idle_timeout=60, idle_age=14, priority=65535,icmp,in_port=1,vlan_tci=0x0000,dl_src=ee:13:d0:af:e6:04,dl_dst=06:fc:ca:e8:78:4c,nw_src=10.0.0.35,nw_dst=10.0.0.5,nw_tos=0,icmp_type=8,icmp_code=0 actions=output:5
 cookie=0x0, duration=13.622s, table=0, n_packets=1, n_bytes=42, idle_timeout=60, idle_age=13, priority=65535,icmp,in_port=1,vlan_tci=0x0000,dl_src=ee:13:d0:af:e6:04,dl_dst=06:fc:ca:e8:78:4c,nw_src=10.0.0.36,nw_dst=10.0.0.5,nw_tos=0,icmp_type=8,icmp_code=0 actions=output:5
 cookie=0x0, duration=12.585s, table=0, n_packets=1, n_bytes=42, idle_timeout=60, idle_age=12, priority=65535,icmp,in_port=1,vlan_tci=0x0000,dl_src=ee:13:d0:af:e6:04,dl_dst=06:fc:ca:e8:78:4c,nw_src=10.0.0.37,nw_dst=10.0.0.5,nw_tos=0,icmp_type=8,icmp_code=0 actions=output:5
 cookie=0x0, duration=11.550s, table=0, n_packets=1, n_bytes=42, idle_timeout=60, idle_age=11, priority=65535,icmp,in_port=1,vlan_tci=0x0000,dl_src=ee:13:d0:af:e6:04,dl_dst=06:fc:ca:e8:78:4c,nw_src=10.0.0.38,nw_dst=10.0.0.5,nw_tos=0,icmp_type=8,icmp_code=0 actions=output:5
 cookie=0x0, duration=10.508s, table=0, n_packets=1, n_bytes=42, idle_timeout=60, idle_age=10, priority=65535,icmp,in_port=1,vlan_tci=0x0000,dl_src=ee:13:d0:af:e6:04,dl_dst=06:fc:ca:e8:78:4c,nw_src=10.0.0.39,nw_dst=10.0.0.5,nw_tos=0,icmp_type=8,icmp_code=0 actions=output:5
 cookie=0x0, duration=9.453s, table=0, n_packets=1, n_bytes=42, idle_timeout=60, idle_age=9, priority=65535,icmp,in_port=1,vlan_tci=0x0000,dl_src=ee:13:d0:af:e6:04,dl_dst=06:fc:ca:e8:78:4c,nw_src=10.0.0.40,nw_dst=10.0.0.5,nw_tos=0,icmp_type=8,icmp_code=0 actions=output:5
 cookie=0x0, duration=8.410s, table=0, n_packets=1, n_bytes=42, idle_timeout=60, idle_age=8, priority=65535,icmp,in_port=1,vlan_tci=0x0000,dl_src=ee:13:d0:af:e6:04,dl_dst=06:fc:ca:e8:78:4c,nw_src=10.0.0.41,nw_dst=10.0.0.5,nw_tos=0,icmp_type=8,icmp_code=0 actions=output:5
 cookie=0x0, duration=7.375s, table=0, n_packets=1, n_bytes=42, idle_timeout=60, idle_age=7, priority=65535,icmp,in_port=1,vlan_tci=0x0000,dl_src=ee:13:d0:af:e6:04,dl_dst=06:fc:ca:e8:78:4c,nw_src=10.0.0.42,nw_dst=10.0.0.5,nw_tos=0,icmp_type=8,icmp_code=0 actions=output:5
 cookie=0x0, duration=6.333s, table=0, n_packets=1, n_bytes=42, idle_timeout=60, idle_age=6, priority=65535,icmp,in_port=1,vlan_tci=0x0000,dl_src=ee:13:d0:af:e6:04,dl_dst=06:fc:ca:e8:78:4c,nw_src=10.0.0.43,nw_dst=10.0.0.5,nw_tos=0,icmp_type=8,icmp_code=0 actions=output:5
 cookie=0x0, duration=5.282s, table=0, n_packets=1, n_bytes=42, idle_timeout=60, idle_age=5, priority=65535,icmp,in_port=1,vlan_tci=0x0000,dl_src=ee:13:d0:af:e6:04,dl_dst=06:fc:ca:e8:78:4c,nw_src=10.0.0.44,nw_dst=10.0.0.5,nw_tos=0,icmp_type=8,icmp_code=0 actions=output:5
 cookie=0x0, duration=4.239s, table=0, n_packets=1, n_bytes=42, idle_timeout=60, idle_age=4, priority=65535,icmp,in_port=1,vlan_tci=0x0000,dl_src=ee:13:d0:af:e6:04,dl_dst=06:fc:ca:e8:78:4c,nw_src=10.0.0.45,nw_dst=10.0.0.5,nw_tos=0,icmp_type=8,icmp_code=0 actions=output:5
 cookie=0x0, duration=3.195s, table=0, n_packets=1, n_bytes=42, idle_timeout=60, idle_age=3, priority=65535,icmp,in_port=1,vlan_tci=0x0000,dl_src=ee:13:d0:af:e6:04,dl_dst=06:fc:ca:e8:78:4c,nw_src=10.0.0.46,nw_dst=10.0.0.5,nw_tos=0,icmp_type=8,icmp_code=0 actions=output:5
 cookie=0x0, duration=2.160s, table=0, n_packets=1, n_bytes=42, idle_timeout=60, idle_age=2, priority=65535,icmp,in_port=1,vlan_tci=0x0000,dl_src=ee:13:d0:af:e6:04,dl_dst=06:fc:ca:e8:78:4c,nw_src=10.0.0.47,nw_dst=10.0.0.5,nw_tos=0,icmp_type=8,icmp_code=0 actions=output:5
 cookie=0x0, duration=1.114s, table=0, n_packets=1, n_bytes=42, idle_timeout=60, idle_age=1, priority=65535,icmp,in_port=1,vlan_tci=0x0000,dl_src=ee:13:d0:af:e6:04,dl_dst=06:fc:ca:e8:78:4c,nw_src=10.0.0.48,nw_dst=10.0.0.5,nw_tos=0,icmp_type=8,icmp_code=0 actions=output:5
 cookie=0x0, duration=0.082s, table=0, n_packets=1, n_bytes=42, idle_timeout=60, idle_age=0, priority=65535,icmp,in_port=1,vlan_tci=0x0000,dl_src=ee:13:d0:af:e6:04,dl_dst=06:fc:ca:e8:78:4c,nw_src=10.0.0.49,nw_dst=10.0.0.5,nw_tos=0,icmp_type=8,icmp_code=0 actions=output:5
 cookie=0x0, duration=37.918s, table=0, n_packets=1, n_bytes=42, idle_timeout=60, idle_age=37, priority=65535,arp,in_port=4,vlan_tci=0x0000,dl_src=22:f7:4e:74:47:50,dl_dst=06:fc:ca:e8:78:4c,arp_spa=10.0.0.4,arp_tpa=10.0.0.5,arp_op=2 actions=output:5
 cookie=0x0, duration=37.918s, table=0, n_packets=1, n_bytes=42, idle_timeout=60, idle_age=37, priority=65535,arp,in_port=3,vlan_tci=0x0000,dl_src=66:b8:d5:08:ee:b0,dl_dst=06:fc:ca:e8:78:4c,arp_spa=10.0.0.3,arp_tpa=10.0.0.5,arp_op=2 actions=output:5
 cookie=0x0, duration=37.918s, table=0, n_packets=1, n_bytes=42, idle_timeout=60, idle_age=37, priority=65535,arp,in_port=2,vlan_tci=0x0000,dl_src=0e:cc:1c:48:f6:76,dl_dst=06:fc:ca:e8:78:4c,arp_spa=10.0.0.2,arp_tpa=10.0.0.5,arp_op=2 actions=output:5
 cookie=0x0, duration=36.895s, table=0, n_packets=1, n_bytes=42, idle_timeout=60, idle_age=36, priority=65535,arp,in_port=5,vlan_tci=0x0000,dl_src=06:fc:ca:e8:78:4c,dl_dst=2a:d7:6e:d1:85:09,arp_spa=10.0.0.5,arp_tpa=10.0.0.9,arp_op=1 actions=output:9
 cookie=0x0, duration=36.891s, table=0, n_packets=1, n_bytes=42, idle_timeout=60, idle_age=36, priority=65535,arp,in_port=9,vlan_tci=0x0000,dl_src=2a:d7:6e:d1:85:09,dl_dst=06:fc:ca:e8:78:4c,arp_spa=10.0.0.9,arp_tpa=10.0.0.5,arp_op=2 actions=output:5
 cookie=0x0, duration=36.891s, table=0, n_packets=1, n_bytes=42, idle_timeout=60, idle_age=36, priority=65535,arp,in_port=8,vlan_tci=0x0000,dl_src=4e:70:ce:b8:db:62,dl_dst=06:fc:ca:e8:78:4c,arp_spa=10.0.0.8,arp_tpa=10.0.0.5,arp_op=2 actions=output:5
 cookie=0x0, duration=36.891s, table=0, n_packets=1, n_bytes=42, idle_timeout=60, idle_age=36, priority=65535,arp,in_port=7,vlan_tci=0x0000,dl_src=3e:33:68:38:a4:fc,dl_dst=06:fc:ca:e8:78:4c,arp_spa=10.0.0.7,arp_tpa=10.0.0.5,arp_op=2 actions=output:5
 cookie=0x0, duration=36.890s, table=0, n_packets=1, n_bytes=42, idle_timeout=60, idle_age=36, priority=65535,arp,in_port=6,vlan_tci=0x0000,dl_src=a2:29:a3:12:d2:47,dl_dst=06:fc:ca:e8:78:4c,arp_spa=10.0.0.6,arp_tpa=10.0.0.5,arp_op=2 actions=output:5
 cookie=0x0, duration=35.614s, table=0, n_packets=1, n_bytes=42, idle_timeout=60, idle_age=35, priority=65535,arp,in_port=10,vlan_tci=0x0000,dl_src=e2:5a:44:97:6c:0d,dl_dst=06:fc:ca:e8:78:4c,arp_spa=10.0.0.10,arp_tpa=10.0.0.5,arp_op=2 actions=output:5
 cookie=0x0, duration=17.832s, table=0, n_packets=1, n_bytes=42, idle_timeout=60, idle_age=17, priority=65535,arp,in_port=5,vlan_tci=0x0000,dl_src=06:fc:ca:e8:78:4c,dl_dst=ee:13:d0:af:e6:04,arp_spa=10.0.0.5,arp_tpa=10.0.0.1,arp_op=2 actions=output:1
